fold,train_start,sel_start,test_start,test_end,seed,universe_mode,survivorship_bias,n_assets,tickers_hash,tickers,status,agent_sharpe,agent_return,agent_dd,agent_vol,error_type,error_message,error_traceback,buy_and_hold_sharpe,buy_and_hold_return,equal_weight_sharpe,equal_weight_return,sp500_sharpe,sp500_return
0,2005-01-03,2007-07-06,2008-01-04,2008-04-04,42,static_current,known,5,4020ad4ff1ee,"AAPL,MSFT,GOOGL,AMZN,NVDA",success,-2.2630822508777246,-0.1786862812344652,-0.2676425788539879,0.3368927042777106,,,,-2.425251929333432,-0.21924037283301,-2.3228850010622675,-0.2128085168635169,-0.46539797029950813,-0.03232641864776553
0,2005-01-03,2007-07-06,2008-01-04,2008-04-04,43,static_current,known,5,4020ad4ff1ee,"AAPL,MSFT,GOOGL,AMZN,NVDA",success,-2.304956266164714,-0.1813860317532492,-0.254926162206687,0.3365247799784164,,,,-2.425251929333432,-0.21924037283301,-2.3228850010622675,-0.2128085168635169,-0.46539797029950813,-0.03232641864776553
0,2005-01-03,2007-07-06,2008-01-04,2008-04-04,44,static_current,known,5,4020ad4ff1ee,"AAPL,MSFT,GOOGL,AMZN,NVDA",success,-2.239038144555804,-0.175786427730171,-0.2719315242938531,0.3344927022445644,,,,-2.425251929333432,-0.21924037283301,-2.3228850010622675,-0.2128085168635169,-0.46539797029950813,-0.03232641864776553
1,2005-01-03,2007-10-04,2008-04-07,2008-07-03,42,static_current,known,5,4020ad4ff1ee,"AAPL,MSFT,GOOGL,AMZN,NVDA",success,-0.1793402833527186,-0.0150706496657035,-0.1246080862694903,0.2627545572810939,,,,-0.7348821194883487,-0.0620617353251602,-0.704242720166005,-0.0606522007784938,-2.0746893575525727,-0.07516441240265959
1,2005-01-03,2007-10-04,2008-04-07,2008-07-03,43,static_current,known,5,4020ad4ff1ee,"AAPL,MSFT,GOOGL,AMZN,NVDA",success,-0.5204398502523157,-0.0428744467979149,-0.1928118193266879,0.296446219921874,,,,-0.7348821194883487,-0.0620617353251602,-0.704242720166005,-0.0606522007784938,-2.0746893575525727,-0.07516441240265959
1,2005-01-03,2007-10-04,2008-04-07,2008-07-03,44,static_current,known,5,4020ad4ff1ee,"AAPL,MSFT,GOOGL,AMZN,NVDA",success,-0.261742304986804,-0.0284886927738056,-0.1756921045911753,0.3254142575589284,,,,-0.7348821194883487,-0.0620617353251602,-0.704242720166005,-0.0606522007784938,-2.0746893575525727,-0.07516441240265959
2,2005-01-03,2008-01-04,2008-07-07,2008-10-02,42,static_current,known,5,4020ad4ff1ee,"AAPL,MSFT,GOOGL,AMZN,NVDA",success,-1.520802398741303,-0.16676116715179,-0.2483904409929478,0.4365746900480773,,,,-1.7842946662822363,-0.2010658723991286,-1.8129191844349988,-0.2051490581865028,-1.1805275827202513,-0.12516285466473143
2,2005-01-03,2008-01-04,2008-07-07,2008-10-02,43,static_current,known,5,4020ad4ff1ee,"AAPL,MSFT,GOOGL,AMZN,NVDA",success,-1.7208788209513697,-0.1597988370636107,-0.2166353521256132,0.3799099974943859,,,,-1.7842946662822363,-0.2010658723991286,-1.8129191844349988,-0.2051490581865028,-1.1805275827202513,-0.12516285466473143
2,2005-01-03,2008-01-04,2008-07-07,2008-10-02,44,static_current,known,5,4020ad4ff1ee,"AAPL,MSFT,GOOGL,AMZN,NVDA",success,-2.164595321073337,-0.1760305928853238,-0.2158717804299728,0.344516638850858,,,,-1.7842946662822363,-0.2010658723991286,-1.8129191844349988,-0.2051490581865028,-1.1805275827202513,-0.12516285466473143
3,2005-01-03,2008-04-07,2008-10-03,2009-01-02,42,static_current,known,5,4020ad4ff1ee,"AAPL,MSFT,GOOGL,AMZN,NVDA",success,-0.2641970749668025,-0.0895750561212355,-0.2935607100285139,0.6723845790417833,,,,-0.4704183971728687,-0.1380551140702244,-0.3661327998418327,-0.1225258120210546,-0.6850005034742163,-0.11835671178810303
3,2005-01-03,2008-04-07,2008-10-03,2009-01-02,43,static_current,known,5,4020ad4ff1ee,"AAPL,MSFT,GOOGL,AMZN,NVDA",success,-0.3159082255403749,-0.0803958146537061,-0.2606029429407132,0.5920916256044022,,,,-0.4704183971728687,-0.1380551140702244,-0.3661327998418327,-0.1225258120210546,-0.6850005034742163,-0.11835671178810303
3,2005-01-03,2008-04-07,2008-10-03,2009-01-02,44,static_current,known,5,4020ad4ff1ee,"AAPL,MSFT,GOOGL,AMZN,NVDA",success,-0.20943857312576,-0.0849611253689692,-0.2907976755014966,0.6912071725704271,,,,-0.4704183971728687,-0.1380551140702244,-0.3661327998418327,-0.1225258120210546,-0.6850005034742163,-0.11835671178810303
4,2005-01-03,2008-07-07,2009-01-05,2009-04-03,42,static_current,known,5,4020ad4ff1ee,"AAPL,MSFT,GOOGL,AMZN,NVDA",success,2.1284779651067764,0.2173462027989061,-0.1454932764175208,0.4051276291406477,,,,1.7097661407809948,0.1966089769546497,1.7457785830622168,0.2012290332822508,-0.7913640175077986,-0.0986412870470893
4,2005-01-03,2008-07-07,2009-01-05,2009-04-03,43,static_current,known,5,4020ad4ff1ee,"AAPL,MSFT,GOOGL,AMZN,NVDA",success,1.699907144254808,0.1657358766782362,-0.1448687282447617,0.4029911693164072,,,,1.7097661407809948,0.1966089769546497,1.7457785830622168,0.2012290332822508,-0.7913640175077986,-0.0986412870470893
4,2005-01-03,2008-07-07,2009-01-05,2009-04-03,44,static_current,known,5,4020ad4ff1ee,"AAPL,MSFT,GOOGL,AMZN,NVDA",success,1.758971224604762,0.1740236779423256,-0.1441555324645683,0.4065965015295914,,,,1.7097661407809948,0.1966089769546497,1.7457785830622168,0.2012290332822508,-0.7913640175077986,-0.0986412870470893
5,2005-01-03,2008-10-03,2009-04-06,2009-07-06,42,static_current,known,5,4020ad4ff1ee,"AAPL,MSFT,GOOGL,AMZN,NVDA",success,1.4424549473517094,0.0840984516341423,-0.0883664143336553,0.2325161360310387,,,,1.2959898983964249,0.0888956711123274,1.309369521137447,0.0916278090367643,1.1695840439854355,0.1019802392925413
5,2005-01-03,2008-10-03,2009-04-06,2009-07-06,43,static_current,known,5,4020ad4ff1ee,"AAPL,MSFT,GOOGL,AMZN,NVDA",success,1.37602997434851,0.0822136553044794,-0.084940117379242,0.2398568328887676,,,,1.2959898983964249,0.0888956711123274,1.309369521137447,0.0916278090367643,1.1695840439854355,0.1019802392925413
5,2005-01-03,2008-10-03,2009-04-06,2009-07-06,44,static_current,known,5,4020ad4ff1ee,"AAPL,MSFT,GOOGL,AMZN,NVDA",success,1.2231160729270398,0.0756584003854317,-0.1020315208249854,0.2520820346937624,,,,1.2959898983964249,0.0888956711123274,1.309369521137447,0.0916278090367643,1.1695840439854355,0.1019802392925413
6,2005-01-03,2009-01-05,2009-07-07,2009-10-02,42,static_current,known,5,4020ad4ff1ee,"AAPL,MSFT,GOOGL,AMZN,NVDA",success,3.945409635769092,0.1985231871598392,-0.0345681465096973,0.1861475933953129,,,,3.962914302752926,0.2497962569688072,4.055416880368404,0.2517177399115571,3.6218611142810846,0.16559411954066783
6,2005-01-03,2009-01-05,2009-07-07,2009-10-02,43,static_current,known,5,4020ad4ff1ee,"AAPL,MSFT,GOOGL,AMZN,NVDA",success,3.523514545554091,0.1988480675735269,-0.0588666435103709,0.2101055531890718,,,,3.962914302752926,0.2497962569688072,4.055416880368404,0.2517177399115571,3.6218611142810846,0.16559411954066783
6,2005-01-03,2009-01-05,2009-07-07,2009-10-02,44,static_current,known,5,4020ad4ff1ee,"AAPL,MSFT,GOOGL,AMZN,NVDA",success,3.95274457285832,0.1975194934221253,-0.0351896110055322,0.1848804773038084,,,,3.962914302752926,0.2497962569688072,4.055416880368404,0.2517177399115571,3.6218611142810846,0.16559411954066783
7,2005-01-03,2009-04-06,2009-10-05,2010-01-04,42,static_current,known,5,4020ad4ff1ee,"AAPL,MSFT,GOOGL,AMZN,NVDA",success,5.214591338411986,0.231057920014462,-0.0437644975639763,0.1609361528768157,,,,5.337895252187395,0.3068221707904213,5.3747683499354695,0.3158533923482753,2.137445752277412,0.07420928938993399
7,2005-01-03,2009-04-06,2009-10-05,2010-01-04,43,static_current,known,5,4020ad4ff1ee,"AAPL,MSFT,GOOGL,AMZN,NVDA",success,5.2984245663838045,0.2311577511219602,-0.0423166538932524,0.1583800247088117,,,,5.337895252187395,0.3068221707904213,5.3747683499354695,0.3158533923482753,2.137445752277412,0.07420928938993399
7,2005-01-03,2009-04-06,2009-10-05,2010-01-04,44,static_current,known,5,4020ad4ff1ee,"AAPL,MSFT,GOOGL,AMZN,NVDA",success,5.206379133611725,0.25294908433887,-0.0466015005646128,0.1754665835675007,,,,5.337895252187395,0.3068221707904213,5.3747683499354695,0.3158533923482753,2.137445752277412,0.07420928938993399
8,2005-01-03,2009-07-07,2010-01-05,2010-04-06,42,static_current,known,5,4020ad4ff1ee,"AAPL,MSFT,GOOGL,AMZN,NVDA",success,-0.556762126212079,-0.0224341476396439,-0.109948142177046,0.1741430988185229,,,,-0.4774770416749792,-0.022901443314519,-0.4463034426262951,-0.0214683326376392,1.2209250904988485,0.04599251286921047
8,2005-01-03,2009-07-07,2010-01-05,2010-04-06,43,static_current,known,5,4020ad4ff1ee,"AAPL,MSFT,GOOGL,AMZN,NVDA",success,-0.8389098050248815,-0.0361509957019127,-0.123401392577192,0.18223856966895,,,,-0.4774770416749792,-0.022901443314519,-0.4463034426262951,-0.0214683326376392,1.2209250904988485,0.04599251286921047
8,2005-01-03,2009-07-07,2010-01-05,2010-04-06,44,static_current,known,5,4020ad4ff1ee,"AAPL,MSFT,GOOGL,AMZN,NVDA",success,-0.2766681757907654,-0.0094714711496078,-0.09977820111867,0.1634952708698815,,,,-0.4774770416749792,-0.022901443314519,-0.4463034426262951,-0.0214683326376392,1.2209250904988485,0.04599251286921047
9,2005-01-03,2009-10-05,2010-04-07,2010-07-06,42,static_current,known,5,4020ad4ff1ee,"AAPL,MSFT,GOOGL,AMZN,NVDA",success,-2.8659121865142985,-0.1612395943314044,-0.200952509909485,0.245458905943621,,,,-2.8534282425060638,-0.1955637660962199,-2.9520161378211425,-0.2036720112709303,-2.265583972798809,-0.13349169838700647
9,2005-01-03,2009-10-05,2010-04-07,2010-07-06,43,static_current,known,5,4020ad4ff1ee,"AAPL,MSFT,GOOGL,AMZN,NVDA",success,-2.7824750468990547,-0.1636994039158328,-0.201418010142484,0.2561262498868351,,,,-2.8534282425060638,-0.1955637660962199,-2.9520161378211425,-0.2036720112709303,-2.265583972798809,-0.13349169838700647
9,2005-01-03,2009-10-05,2010-04-07,2010-07-06,44,static_current,known,5,4020ad4ff1ee,"AAPL,MSFT,GOOGL,AMZN,NVDA",success,-3.051825989373331,-0.1855617608780881,-0.2259875241614627,0.2676811865483854,,,,-2.8534282425060638,-0.1955637660962199,-2.9520161378211425,-0.2036720112709303,-2.265583972798809,-0.13349169838700647
10,2005-01-03,2010-01-05,2010-07-07,2010-10-04,42,static_current,known,5,4020ad4ff1ee,"AAPL,MSFT,GOOGL,AMZN,NVDA",success,1.8951390394431893,0.0817590609779896,-0.0632509940266889,0.1653165919061263,,,,2.29168349652401,0.1285516779510429,2.263724879862673,0.1270625106409706,1.5939612936218974,0.06239666367379004
10,2005-01-03,2010-01-05,2010-07-07,2010-10-04,43,static_current,known,5,4020ad4ff1ee,"AAPL,MSFT,GOOGL,AMZN,NVDA",success,2.531678244469794,0.1314146884343101,-0.0569256787523592,0.1982968134824433,,,,2.29168349652401,0.1285516779510429,2.263724879862673,0.1270625106409706,1.5939612936218974,0.06239666367379004
10,2005-01-03,2010-01-05,2010-07-07,2010-10-04,44,static_current,known,5,4020ad4ff1ee,"AAPL,MSFT,GOOGL,AMZN,NVDA",success,2.989932020639436,0.1428167678521139,-0.0487851411006109,0.180418201722019,,,,2.29168349652401,0.1285516779510429,2.263724879862673,0.1270625106409706,1.5939612936218974,0.06239666367379004
11,2005-01-03,2010-04-07,2010-10-05,2011-01-03,42,static_current,known,5,4020ad4ff1ee,"AAPL,MSFT,GOOGL,AMZN,NVDA",success,3.807750078469812,0.1605839777499349,-0.043250515597777,0.1571230661658181,,,,3.8574440954746327,0.189759165276574,3.863977691087469,0.1899878008600994,3.1423178078415455,0.09646803558736394
11,2005-01-03,2010-04-07,2010-10-05,2011-01-03,43,static_current,known,5,4020ad4ff1ee,"AAPL,MSFT,GOOGL,AMZN,NVDA",success,3.966335793898328,0.1909698760564098,-0.0482850623451942,0.1782758200050763,,,,3.8574440954746327,0.189759165276574,3.863977691087469,0.1899878008600994,3.1423178078415455,0.09646803558736394
11,2005-01-03,2010-04-07,2010-10-05,2011-01-03,44,static_current,known,5,4020ad4ff1ee,"AAPL,MSFT,GOOGL,AMZN,NVDA",success,3.9679510699150087,0.155159368798063,-0.0410128430181851,0.1455314593943674,,,,3.8574440954746327,0.189759165276574,3.863977691087469,0.1899878008600994,3.1423178078415455,0.09646803558736394
12,2005-01-03,2010-07-07,2011-01-04,2011-04-04,42,static_current,known,5,4020ad4ff1ee,"AAPL,MSFT,GOOGL,AMZN,NVDA",success,0.0394003106127612,0.0025743625589029,-0.118709003092176,0.1828741049854702,,,,0.0872450608591166,0.0024288518470814,0.2007970983159322,0.0097928632066321,1.391901060660431,0.04411068335121571
12,2005-01-03,2010-07-07,2011-01-04,2011-04-04,43,static_current,known,5,4020ad4ff1ee,"AAPL,MSFT,GOOGL,AMZN,NVDA",success,0.1038663244641668,0.005439188405679,-0.1158613312460784,0.1847062547096851,,,,0.0872450608591166,0.0024288518470814,0.2007970983159322,0.0097928632066321,1.391901060660431,0.04411068335121571
12,2005-01-03,2010-07-07,2011-01-04,2011-04-04,44,static_current,known,5,4020ad4ff1ee,"AAPL,MSFT,GOOGL,AMZN,NVDA",success,1.359772601219156,0.078978059192267,-0.1261702962592807,0.2323842647497606,,,,0.0872450608591166,0.0024288518470814,0.2007970983159322,0.0097928632066321,1.391901060660431,0.04411068335121571
13,2005-01-03,2010-10-05,2011-04-05,2011-07-05,42,static_current,known,5,4020ad4ff1ee,"AAPL,MSFT,GOOGL,AMZN,NVDA",success,0.0244380777706266,0.0027730223925506,-0.0942735166215748,0.158645545718832,,,,0.0996804047913648,0.0050468333219992,0.1252909574864305,0.0063420660252371,0.00128222651253691,0.00175207463039051
13,2005-01-03,2010-10-05,2011-04-05,2011-07-05,43,static_current,known,5,4020ad4ff1ee,"AAPL,MSFT,GOOGL,AMZN,NVDA",success,-0.1378948170508556,-0.0033568244613944,-0.0964387816524283,0.1558280433026166,,,,0.0996804047913648,0.0050468333219992,0.1252909574864305,0.0063420660252371,0.00128222651253691,0.00175207463039051
13,2005-01-03,2010-10-05,2011-04-05,2011-07-05,44,static_current,known,5,4020ad4ff1ee,"AAPL,MSFT,GOOGL,AMZN,NVDA",success,-0.7300312965943835,-0.0283290684567717,-0.1089796440501872,0.1679734958607807,,,,0.0996804047913648,0.0050468333219992,0.1252909574864305,0.0063420660252371,0.00128222651253691,0.00175207463039051
14,2005-01-03,2011-01-04,2011-07-06,2011-10-03,42,static_current,known,5,4020ad4ff1ee,"AAPL,MSFT,GOOGL,AMZN,NVDA",success,-0.4738751024414865,-0.043438136172702,-0.1382024310408627,0.3169558567050204,,,,-0.657769310377095,-0.0677981951311943,-0.637567343307165,-0.0679204077595,-2.2765702078533963,-0.18769305488626786
14,2005-01-03,2011-01-04,2011-07-06,2011-10-03,43,static_current,known,5,4020ad4ff1ee,"AAPL,MSFT,GOOGL,AMZN,NVDA",success,-0.5042450474092239,-0.0523988801678766,-0.1527324776317283,0.351223965184992,,,,-0.657769310377095,-0.0677981951311943,-0.637567343307165,-0.0679204077595,-2.2765702078533963,-0.18769305488626786
14,2005-01-03,2011-01-04,2011-07-06,2011-10-03,44,static_current,known,5,4020ad4ff1ee,"AAPL,MSFT,GOOGL,AMZN,NVDA",success,-0.6891904144698086,-0.0574943751845182,-0.1370378567475988,0.3088624669645734,,,,-0.657769310377095,-0.0677981951311943,-0.637567343307165,-0.0679204077595,-2.2765702078533963,-0.18769305488626786
15,2005-01-03,2011-04-05,2011-10-04,2012-01-03,42,static_current,known,5,4020ad4ff1ee,"AAPL,MSFT,GOOGL,AMZN,NVDA",success,1.1227570045812751,0.0694672988646138,-0.1078983587823602,0.2541046416424858,,,,1.199439300212174,0.0822877252784615,1.136434064865636,0.0776593030962913,2.046205145317658,0.11628193831471001
15,2005-01-03,2011-04-05,2011-10-04,2012-01-03,43,static_current,known,5,4020ad4ff1ee,"AAPL,MSFT,GOOGL,AMZN,NVDA",success,0.7675259555691926,0.0467494665965866,-0.1241018368084116,0.259863627915144,,,,1.199439300212174,0.0822877252784615,1.136434064865636,0.0776593030962913,2.046205145317658,0.11628193831471001
15,2005-01-03,2011-04-05,2011-10-04,2012-01-03,44,static_current,known,5,4020ad4ff1ee,"AAPL,MSFT,GOOGL,AMZN,NVDA",success,0.8643237305534038,0.0501431850119558,-0.113670735204499,0.2403260458125176,,,,1.199439300212174,0.0822877252784615,1.136434064865636,0.0776593030962913,2.046205145317658,0.11628193831471001
16,2005-01-03,2011-07-06,2012-01-04,2012-04-03,42,static_current,known,5,4020ad4ff1ee,"AAPL,MSFT,GOOGL,AMZN,NVDA",success,4.7179991291428,0.1481635749831484,-0.0225307043208246,0.1163547343076679,,,,4.643407176630485,0.1659927621074353,4.465714120325402,0.1580777201927374,4.2534786803199065,0.10328941676185988
16,2005-01-03,2011-07-06,2012-01-04,2012-04-03,43,static_current,known,5,4020ad4ff1ee,"AAPL,MSFT,GOOGL,AMZN,NVDA",success,3.9523619934371257,0.1169632713527211,-0.0195603018393719,0.1103300345647325,,,,4.643407176630485,0.1659927621074353,4.465714120325402,0.1580777201927374,4.2534786803199065,0.10328941676185988
16,2005-01-03,2011-07-06,2012-01-04,2012-04-03,44,static_current,known,5,4020ad4ff1ee,"AAPL,MSFT,GOOGL,AMZN,NVDA",success,4.570347520555268,0.133212353994335,-0.0195653493236832,0.1082320287074817,,,,4.643407176630485,0.1659927621074353,4.465714120325402,0.1580777201927374,4.2534786803199065,0.10328941676185988
17,2005-01-03,2011-10-04,2012-04-04,2012-07-03,42,static_current,known,5,4020ad4ff1ee,"AAPL,MSFT,GOOGL,AMZN,NVDA",success,-0.0963812489106705,-0.0032660094166822,-0.063802240774728,0.1791767992716882,,,,-0.0127083287024044,-0.0017214049377453,0.0243013753641218,0.0001706404245387,-0.5203317183148917,-0.0172092707711321
17,2005-01-03,2011-10-04,2012-04-04,2012-07-03,43,static_current,known,5,4020ad4ff1ee,"AAPL,MSFT,GOOGL,AMZN,NVDA",success,-0.2147233482283867,-0.011159034836328,-0.0810890732689148,0.2065170622399135,,,,-0.0127083287024044,-0.0017214049377453,0.0243013753641218,0.0001706404245387,-0.5203317183148917,-0.0172092707711321
17,2005-01-03,2011-10-04,2012-04-04,2012-07-03,44,static_current,known,5,4020ad4ff1ee,"AAPL,MSFT,GOOGL,AMZN,NVDA",success,0.0583523085964439,0.0037501790575318,-0.0680876212050743,0.1724006089409601,,,,-0.0127083287024044,-0.0017214049377453,0.0243013753641218,0.0001706404245387,-0.5203317183148917,-0.0172092707711321
18,2005-01-03,2012-01-04,2012-07-05,2012-10-02,42,static_current,known,5,4020ad4ff1ee,"AAPL,MSFT,GOOGL,AMZN,NVDA",success,1.027611532051025,0.037181788500838,-0.0462349712797462,0.1336225176822259,,,,1.832027969920844,0.0765724321085246,1.761275270509641,0.0739212183698334,1.8177842442588827,0.0672261660896174
18,2005-01-03,2012-01-04,2012-07-05,2012-10-02,43,static_current,known,5,4020ad4ff1ee,"AAPL,MSFT,GOOGL,AMZN,NVDA",success,2.070005859691335,0.0744127691247193,-0.0452613105567294,0.1357776774874066,,,,1.832027969920844,0.0765724321085246,1.761275270509641,0.0739212183698334,1.8177842442588827,0.0672261660896174
18,2005-01-03,2012-01-04,2012-07-05,2012-10-02,44,static_current,known,5,4020ad4ff1ee,"AAPL,MSFT,GOOGL,AMZN,NVDA",success,2.05275560878884,0.0687991654515276,-0.0399920711203883,0.1259099254688772,,,,1.832027969920844,0.0765724321085246,1.761275270509641,0.0739212183698334,1.8177842442588827,0.0672261660896174
19,2005-01-03,2012-04-04,2012-10-03,2013-01-04,42,static_current,known,5,4020ad4ff1ee,"AAPL,MSFT,GOOGL,AMZN,NVDA",success,-1.855476380917803,-0.0808088798450117,-0.1495039276966645,0.1859261672089565,,,,-1.4462152849477496,-0.067046263660031,-1.4224468484798451,-0.0664578322985914,0.20876639856027382,0.0034692392256492344
19,2005-01-03,2012-04-04,2012-10-03,2013-01-04,43,static_current,known,5,4020ad4ff1ee,"AAPL,MSFT,GOOGL,AMZN,NVDA",success,-1.3657290650776222,-0.0552017197873377,-0.1381848048240671,0.1726553001977699,,,,-1.4462152849477496,-0.067046263660031,-1.4224468484798451,-0.0664578322985914,0.20876639856027382,0.0034692392256492344
19,2005-01-03,2012-04-04,2012-10-03,2013-01-04,44,static_current,known,5,4020ad4ff1ee,"AAPL,MSFT,GOOGL,AMZN,NVDA",success,-1.5879072289546503,-0.0634048643698556,-0.138713978312837,0.1709721899112752,,,,-1.4462152849477496,-0.067046263660031,-1.4224468484798451,-0.0664578322985914,0.20876639856027382,0.0034692392256492344
20,2005-01-03,2012-07-05,2013-01-07,2013-04-08,42,static_current,known,5,4020ad4ff1ee,"AAPL,MSFT,GOOGL,AMZN,NVDA",success,-1.339153979697318,-0.0307023458329029,-0.0330377332391499,0.1054021586918841,,,,-0.9414008662552066,-0.025512219432639,-0.9169914983079478,-0.02500312887995,2.7197654096468993,0.0726897849228616
20,2005-01-03,2012-07-05,2013-01-07,2013-04-08,43,static_current,known,5,4020ad4ff1ee,"AAPL,MSFT,GOOGL,AMZN,NVDA",success,-0.9980058068820572,-0.0225281000396609,-0.0290230185882228,0.1070736374726311,,,,-0.9414008662552066,-0.025512219432639,-0.9169914983079478,-0.02500312887995,2.7197654096468993,0.0726897849228616
20,2005-01-03,2012-07-05,2013-01-07,2013-04-08,44,static_current,known,5,4020ad4ff1ee,"AAPL,MSFT,GOOGL,AMZN,NVDA",success,-0.9255385871466246,-0.0207693708439991,-0.0305730585627378,0.1075145049869078,,,,-0.9414008662552066,-0.025512219432639,-0.9169914983079478,-0.02500312887995,2.7197654096468993,0.0726897849228616
21,2005-01-03,2012-10-03,2013-04-09,2013-07-08,42,static_current,known,5,4020ad4ff1ee,"AAPL,MSFT,GOOGL,AMZN,NVDA",success,2.505409812079994,0.0920928269989145,-0.0385491065424276,0.138892848738488,,,,2.4808978179726573,0.1048531992864487,2.526205602688964,0.1064013595737101,1.2013512583372272,0.03321092447544638
21,2005-01-03,2012-10-03,2013-04-09,2013-07-08,43,static_current,known,5,4020ad4ff1ee,"AAPL,MSFT,GOOGL,AMZN,NVDA",success,1.902287093485316,0.0678051237087515,-0.046890211706551,0.134499021272873,,,,2.4808978179726573,0.1048531992864487,2.526205602688964,0.1064013595737101,1.2013512583372272,0.03321092447544638
21,2005-01-03,2012-10-03,2013-04-09,2013-07-08,44,static_current,known,5,4020ad4ff1ee,"AAPL,MSFT,GOOGL,AMZN,NVDA",success,2.4775860066471567,0.0884339312744078,-0.037960577244785,0.1347066003774078,,,,2.4808978179726573,0.1048531992864487,2.526205602688964,0.1064013595737101,1.2013512583372272,0.03321092447544638
22,2005-01-03,2013-01-07,2013-07-09,2013-10-04,42,static_current,known,5,4020ad4ff1ee,"AAPL,MSFT,GOOGL,AMZN,NVDA",success,1.7560168196284216,0.0534177129027872,-0.0347358009998534,0.1127423234241931,,,,1.5637550005953818,0.0554818716047014,1.635226546591092,0.0578484401214376,0.7997701657616263,0.02292118272484367
22,2005-01-03,2013-01-07,2013-07-09,2013-10-04,43,static_current,known,5,4020ad4ff1ee,"AAPL,MSFT,GOOGL,AMZN,NVDA",success,0.927789390755558,0.0334048560670976,-0.0493679280488054,0.1318806475287648,,,,1.5637550005953818,0.0554818716047014,1.635226546591092,0.0578484401214376,0.7997701657616263,0.02292118272484367
22,2005-01-03,2013-01-07,2013-07-09,2013-10-04,44,static_current,known,5,4020ad4ff1ee,"AAPL,MSFT,GOOGL,AMZN,NVDA",success,0.4620431086045634,0.0176226014154134,-0.0474465138993457,0.1284194537454764,,,,1.5637550005953818,0.0554818716047014,1.635226546591092,0.0578484401214376,0.7997701657616263,0.02292118272484367
23,2005-01-03,2013-04-09,2013-10-07,2014-01-06,42,static_current,known,5,4020ad4ff1ee,"AAPL,MSFT,GOOGL,AMZN,NVDA",success,3.546184338332347,0.1271082038178264,-0.0240014650280778,0.1341558186975693,,,,3.664112674099015,0.1545718044856794,3.6250617029178382,0.1546636794621236,3.2515040545227114,0.10348852179922363
23,2005-01-03,2013-04-09,2013-10-07,2014-01-06,43,static_current,known,5,4020ad4ff1ee,"AAPL,MSFT,GOOGL,AMZN,NVDA",success,3.350808733224579,0.1218953890348093,-0.0246412187129007,0.1364343445063083,,,,3.664112674099015,0.1545718044856794,3.6250617029178382,0.1546636794621236,3.2515040545227114,0.10348852179922363
23,2005-01-03,2013-04-09,2013-10-07,2014-01-06,44,static_current,known,5,4020ad4ff1ee,"AAPL,MSFT,GOOGL,AMZN,NVDA",success,3.631512543556308,0.1299874487477212,-0.0228253442464635,0.1338549049860729,,,,3.664112674099015,0.1545718044856794,3.6250617029178382,0.1546636794621236,3.2515040545227114,0.10348852179922363
24,2005-01-03,2013-07-09,2014-01-07,2014-04-07,42,static_current,known,5,4020ad4ff1ee,"AAPL,MSFT,GOOGL,AMZN,NVDA",success,-0.6525830912787973,-0.0229331075516003,-0.0618340724906016,0.1563593713422074,,,,-0.3715780461326129,-0.0134835332632404,-0.4378180744991442,-0.0160579171225619,-0.006989853219634076,0.0041088924937005
24,2005-01-03,2013-07-09,2014-01-07,2014-04-07,43,static_current,known,5,4020ad4ff1ee,"AAPL,MSFT,GOOGL,AMZN,NVDA",success,-0.5879936567167775,-0.0194797493601045,-0.059200093903098,0.1506570047852528,,,,-0.3715780461326129,-0.0134835332632404,-0.4378180744991442,-0.0160579171225619,-0.006989853219634076,0.0041088924937005
24,2005-01-03,2013-07-09,2014-01-07,2014-04-07,44,static_current,known,5,4020ad4ff1ee,"AAPL,MSFT,GOOGL,AMZN,NVDA",success,-0.5376735461280313,-0.0160029575749133,-0.0516982932677469,0.1406957950190684,,,,-0.3715780461326129,-0.0134835332632404,-0.4378180744991442,-0.0160579171225619,-0.006989853219634076,0.0041088924937005
25,2005-01-03,2013-10-07,2014-04-08,2014-07-08,42,static_current,known,5,4020ad4ff1ee,"AAPL,MSFT,GOOGL,AMZN,NVDA",success,1.8616327106108088,0.062030044400295,-0.0336079952232606,0.1249075240359967,,,,1.598082944422507,0.0659832178432762,1.549088066994449,0.0645408368677178,2.470603152075577,0.04888947889661366
25,2005-01-03,2013-10-07,2014-04-08,2014-07-08,43,static_current,known,5,4020ad4ff1ee,"AAPL,MSFT,GOOGL,AMZN,NVDA",success,1.2901381419783962,0.0455192576358716,-0.0353256711774693,0.1315064930525517,,,,1.598082944422507,0.0659832178432762,1.549088066994449,0.0645408368677178,2.470603152075577,0.04888947889661366
25,2005-01-03,2013-10-07,2014-04-08,2014-07-08,44,static_current,known,5,4020ad4ff1ee,"AAPL,MSFT,GOOGL,AMZN,NVDA",success,1.491931072094308,0.0542897831153323,-0.0341734073696991,0.1369905690217182,,,,1.598082944422507,0.0659832178432762,1.549088066994449,0.0645408368677178,2.470603152075577,0.04888947889661366
26,2005-01-03,2014-01-07,2014-07-09,2014-10-06,42,static_current,known,5,4020ad4ff1ee,"AAPL,MSFT,GOOGL,AMZN,NVDA",success,0.0228488659741043,0.0037244483432887,-0.0547388785100062,0.1240890303390925,,,,0.3773875999881659,0.0155047675618884,0.4328325332626854,0.0174671886427177,-0.36498890834800896,7.120374529168139e-05
26,2005-01-03,2014-01-07,2014-07-09,2014-10-06,43,static_current,known,5,4020ad4ff1ee,"AAPL,MSFT,GOOGL,AMZN,NVDA",success,-0.1849595028570917,-0.0018795276797305,-0.0496976972528294,0.1141474945223459,,,,0.3773875999881659,0.0155047675618884,0.4328325332626854,0.0174671886427177,-0.36498890834800896,7.120374529168139e-05
26,2005-01-03,2014-01-07,2014-07-09,2014-10-06,44,static_current,known,5,4020ad4ff1ee,"AAPL,MSFT,GOOGL,AMZN,NVDA",success,0.6643527289403249,0.021431563761487,-0.0424820868256138,0.1085476554659603,,,,0.3773875999881659,0.0155047675618884,0.4328325332626854,0.0174671886427177,-0.36498890834800896,7.120374529168139e-05
27,2005-01-03,2014-04-08,2014-10-07,2015-01-06,42,static_current,known,5,4020ad4ff1ee,"AAPL,MSFT,GOOGL,AMZN,NVDA",success,0.2441069833746142,0.0112978886229428,-0.0715255853248284,0.1533450260862049,,,,-0.2032335493362401,-0.0083820387404605,-0.2024418116639325,-0.0083233698803129,0.8872885789419768,0.01712638616288853
27,2005-01-03,2014-04-08,2014-10-07,2015-01-06,43,static_current,known,5,4020ad4ff1ee,"AAPL,MSFT,GOOGL,AMZN,NVDA",success,-0.2185337502939346,-0.0066925224373773,-0.0772907797560619,0.1587078669467063,,,,-0.2032335493362401,-0.0083820387404605,-0.2024418116639325,-0.0083233698803129,0.8872885789419768,0.01712638616288853
27,2005-01-03,2014-04-08,2014-10-07,2015-01-06,44,static_current,known,5,4020ad4ff1ee,"AAPL,MSFT,GOOGL,AMZN,NVDA",success,0.0808548554793072,0.0049847501042641,-0.0851994266561969,0.1590451419561603,,,,-0.2032335493362401,-0.0083820387404605,-0.2024418116639325,-0.0083233698803129,0.8872885789419768,0.01712638616288853
28,2005-01-03,2014-07-09,2015-01-07,2015-04-08,42,static_current,known,5,4020ad4ff1ee,"AAPL,MSFT,GOOGL,AMZN,NVDA",success,1.9662789177254711,0.0802885429145765,-0.0448074778158023,0.155761101312547,,,,2.328240669445208,0.1140233826592826,2.2952463687730984,0.1123911883430575,0.7266745612399184,0.009582283838620143
28,2005-01-03,2014-07-09,2015-01-07,2015-04-08,43,static_current,known,5,4020ad4ff1ee,"AAPL,MSFT,GOOGL,AMZN,NVDA",success,1.8490080144552437,0.0753964772782895,-0.0455601106433404,0.1556402988984327,,,,2.328240669445208,0.1140233826592826,2.2952463687730984,0.1123911883430575,0.7266745612399184,0.009582283838620143
28,2005-01-03,2014-07-09,2015-01-07,2015-04-08,44,static_current,known,5,4020ad4ff1ee,"AAPL,MSFT,GOOGL,AMZN,NVDA",success,2.3253577717732057,0.0965447819542273,-0.0431396845082458,0.1579984592643603,,,,2.328240669445208,0.1140233826592826,2.2952463687730984,0.1123911883430575,0.7266745612399184,0.009582283838620143
29,2005-01-03,2014-10-07,2015-04-09,2015-07-08,42,static_current,known,5,4020ad4ff1ee,"AAPL,MSFT,GOOGL,AMZN,NVDA",success,-0.4464037675362745,-0.014318604127068,-0.0589296039503552,0.1507849914536535,,,,0.0257079437689316,0.0021971610323325,0.023814591353702,0.0021175627894096,-0.9969904898743892,-0.026345586395785325
29,2005-01-03,2014-10-07,2015-04-09,2015-07-08,43,static_current,known,5,4020ad4ff1ee,"AAPL,MSFT,GOOGL,AMZN,NVDA",success,-1.0449769115298626,-0.0321554665866203,-0.0673126402912885,0.1372552746384053,,,,0.0257079437689316,0.0021971610323325,0.023814591353702,0.0021175627894096,-0.9969904898743892,-0.026345586395785325
29,2005-01-03,2014-10-07,2015-04-09,2015-07-08,44,static_current,known,5,4020ad4ff1ee,"AAPL,MSFT,GOOGL,AMZN,NVDA",success,-0.1167044552768111,-0.0015797062008059,-0.0563690975255066,0.1415164070447813,,,,0.0257079437689316,0.0021971610323325,0.023814591353702,0.0021175627894096,-0.9969904898743892,-0.026345586395785325
30,2005-01-03,2015-01-07,2015-07-09,2015-10-06,42,static_current,known,5,4020ad4ff1ee,"AAPL,MSFT,GOOGL,AMZN,NVDA",success,1.9546173102429716,0.1198899180730594,-0.1049932576191488,0.2401463870273753,,,,2.0594791639671644,0.1536198906348627,2.038184605011587,0.1513787447973624,-0.6804251308936329,-0.0465660870959661
30,2005-01-03,2015-01-07,2015-07-09,2015-10-06,43,static_current,known,5,4020ad4ff1ee,"AAPL,MSFT,GOOGL,AMZN,NVDA",success,1.8572959512999532,0.119494969705941,-0.1139774412229501,0.2537451725407201,,,,2.0594791639671644,0.1536198906348627,2.038184605011587,0.1513787447973624,-0.6804251308936329,-0.0465660870959661
30,2005-01-03,2015-01-07,2015-07-09,2015-10-06,44,static_current,known,5,4020ad4ff1ee,"AAPL,MSFT,GOOGL,AMZN,NVDA",success,1.706303502797604,0.1036443695631983,-0.1077233554780546,0.2402418638570353,,,,2.0594791639671644,0.1536198906348627,2.038184605011587,0.1513787447973624,-0.6804251308936329,-0.0465660870959661
31,2005-01-03,2015-04-09,2015-10-07,2016-01-06,42,static_current,known,5,4020ad4ff1ee,"AAPL,MSFT,GOOGL,AMZN,NVDA",success,2.5173999221297527,0.1216428833985268,-0.0556720333789422,0.1842490475161612,,,,2.0950160060205354,0.1141077372967693,2.071643154901345,0.1131877448653908,-0.16632533849778566,-0.011507747141554225
31,2005-01-03,2015-04-09,2015-10-07,2016-01-06,43,static_current,known,5,4020ad4ff1ee,"AAPL,MSFT,GOOGL,AMZN,NVDA",success,2.272686666699712,0.1101663331999571,-0.0536946802899015,0.1858001708583928,,,,2.0950160060205354,0.1141077372967693,2.071643154901345,0.1131877448653908,-0.16632533849778566,-0.011507747141554225
31,2005-01-03,2015-04-09,2015-10-07,2016-01-06,44,static_current,known,5,4020ad4ff1ee,"AAPL,MSFT,GOOGL,AMZN,NVDA",success,2.0069072464534568,0.0901872625026509,-0.0563338936926912,0.1723893881736459,,,,2.0950160060205354,0.1141077372967693,2.071643154901345,0.1131877448653908,-0.16632533849778566,-0.011507747141554225
32,2005-01-03,2015-07-09,2016-01-07,2016-04-07,42,static_current,known,5,4020ad4ff1ee,"AAPL,MSFT,GOOGL,AMZN,NVDA",success,1.0342708140911328,0.0548259458498887,-0.0944220465543745,0.212405447001326,,,,1.1035683406177603,0.066494480776037,1.143307736534427,0.0694956399083199,1.0988630993597954,0.062371556664319705
32,2005-01-03,2015-07-09,2016-01-07,2016-04-07,43,static_current,known,5,4020ad4ff1ee,"AAPL,MSFT,GOOGL,AMZN,NVDA",success,1.074207095780395,0.0550898202748533,-0.0906165833093975,0.2037572851262826,,,,1.1035683406177603,0.066494480776037,1.143307736534427,0.0694956399083199,1.0988630993597954,0.062371556664319705
32,2005-01-03,2015-07-09,2016-01-07,2016-04-07,44,static_current,known,5,4020ad4ff1ee,"AAPL,MSFT,GOOGL,AMZN,NVDA",success,1.250349665505444,0.0667540638097587,-0.0928258726681858,0.2122235917572561,,,,1.1035683406177603,0.066494480776037,1.143307736534427,0.0694956399083199,1.0988630993597954,0.062371556664319705
33,2005-01-03,2015-10-07,2016-04-08,2016-07-07,42,static_current,known,5,4020ad4ff1ee,"AAPL,MSFT,GOOGL,AMZN,NVDA",success,1.6761374335971388,0.0701199752149908,-0.065094399052381,0.1601817604836574,,,,1.5089766665065514,0.0725114821577948,1.2847446541399328,0.0608815403041407,0.6283754756779751,0.027380110762911247
33,2005-01-03,2015-10-07,2016-04-08,2016-07-07,43,static_current,known,5,4020ad4ff1ee,"AAPL,MSFT,GOOGL,AMZN,NVDA",success,1.9136974300901088,0.0827091237726949,-0.0610647693339178,0.1656039801464247,,,,1.5089766665065514,0.0725114821577948,1.2847446541399328,0.0608815403041407,0.6283754756779751,0.027380110762911247
33,2005-01-03,2015-10-07,2016-04-08,2016-07-07,44,static_current,known,5,4020ad4ff1ee,"AAPL,MSFT,GOOGL,AMZN,NVDA",success,1.7811553776677191,0.0707561646372729,-0.0611517451803494,0.1513155666667189,,,,1.5089766665065514,0.0725114821577948,1.2847446541399328,0.0608815403041407,0.6283754756779751,0.027380110762911247
34,2005-01-03,2016-01-07,2016-07-08,2016-10-05,42,static_current,known,5,4020ad4ff1ee,"AAPL,MSFT,GOOGL,AMZN,NVDA",success,5.021574079537788,0.1559163731113728,-0.0325969198977757,0.1147448481674217,,,,4.955754237333693,0.1710668094737488,4.983067834999235,0.1703888097758052,0.3935866015146471,0.010560776585547993
34,2005-01-03,2016-01-07,2016-07-08,2016-10-05,43,static_current,known,5,4020ad4ff1ee,"AAPL,MSFT,GOOGL,AMZN,NVDA",success,4.790270682355123,0.1230924606162486,-0.0270851571038081,0.0953657397134339,,,,4.955754237333693,0.1710668094737488,4.983067834999235,0.1703888097758052,0.3935866015146471,0.010560776585547993
34,2005-01-03,2016-01-07,2016-07-08,2016-10-05,44,static_current,known,5,4020ad4ff1ee,"AAPL,MSFT,GOOGL,AMZN,NVDA",success,5.048117636163329,0.1406903748343992,-0.0289245245340732,0.1031907979859196,,,,4.955754237333693,0.1710668094737488,4.983067834999235,0.1703888097758052,0.3935866015146471,0.010560776585547993
35,2005-01-03,2016-04-08,2016-10-06,2017-01-05,42,static_current,known,5,4020ad4ff1ee,"AAPL,MSFT,GOOGL,AMZN,NVDA",success,1.596717672113248,0.0806381962780355,-0.0643250731661074,0.1970614707599048,,,,1.831421168292079,0.1095061275816029,1.8103269622848763,0.1027777887799175,2.0545757140973113,0.053516213790078204
35,2005-01-03,2016-04-08,2016-10-06,2017-01-05,43,static_current,known,5,4020ad4ff1ee,"AAPL,MSFT,GOOGL,AMZN,NVDA",success,1.95303244136404,0.0932897160740493,-0.0557369999172755,0.1841173771074084,,,,1.831421168292079,0.1095061275816029,1.8103269622848763,0.1027777887799175,2.0545757140973113,0.053516213790078204
35,2005-01-03,2016-04-08,2016-10-06,2017-01-05,44,static_current,known,5,4020ad4ff1ee,"AAPL,MSFT,GOOGL,AMZN,NVDA",success,1.840036586837456,0.099045149020456,-0.0635320032844733,0.2096740422412121,,,,1.831421168292079,0.1095061275816029,1.8103269622848763,0.1027777887799175,2.0545757140973113,0.053516213790078204
36,2005-01-03,2016-07-08,2017-01-06,2017-04-06,42,static_current,known,5,4020ad4ff1ee,"AAPL,MSFT,GOOGL,AMZN,NVDA",success,1.8875859077945256,0.0486880991448763,-0.0242573595909178,0.0941675972775885,,,,2.638905537083602,0.0777417027899791,2.640370540749632,0.0779534339965632,1.850180492617492,0.03904539279106678
36,2005-01-03,2016-07-08,2017-01-06,2017-04-06,43,static_current,known,5,4020ad4ff1ee,"AAPL,MSFT,GOOGL,AMZN,NVDA",success,2.4779299041538585,0.0649868272561675,-0.0233846456712281,0.0971663062783592,,,,2.638905537083602,0.0777417027899791,2.640370540749632,0.0779534339965632,1.850180492617492,0.03904539279106678
36,2005-01-03,2016-07-08,2017-01-06,2017-04-06,44,static_current,known,5,4020ad4ff1ee,"AAPL,MSFT,GOOGL,AMZN,NVDA",success,2.483869535153897,0.0624750183258162,-0.0224069461788721,0.0929023109254018,,,,2.638905537083602,0.0777417027899791,2.640370540749632,0.0779534339965632,1.850180492617492,0.03904539279106678
37,2005-01-03,2016-10-06,2017-04-07,2017-07-07,42,static_current,known,5,4020ad4ff1ee,"AAPL,MSFT,GOOGL,AMZN,NVDA",success,2.866282434526462,0.1324612979199309,-0.0752790195538251,0.1749590897432938,,,,2.7883476793958137,0.1462086865228027,2.783824148218144,0.1411530569287622,1.2692066834643914,0.02885676919152269
37,2005-01-03,2016-10-06,2017-04-07,2017-07-07,43,static_current,known,5,4020ad4ff1ee,"AAPL,MSFT,GOOGL,AMZN,NVDA",success,2.1571605566833774,0.0937834767537681,-0.0733980061217067,0.1661885008300967,,,,2.7883476793958137,0.1462086865228027,2.783824148218144,0.1411530569287622,1.2692066834643914,0.02885676919152269
37,2005-01-03,2016-10-06,2017-04-07,2017-07-07,44,static_current,known,5,4020ad4ff1ee,"AAPL,MSFT,GOOGL,AMZN,NVDA",success,2.7038185597111157,0.1115257280994641,-0.0663428674614489,0.1562187342113092,,,,2.7883476793958137,0.1462086865228027,2.783824148218144,0.1411530569287622,1.2692066834643914,0.02885676919152269
38,2005-01-03,2017-01-06,2017-07-10,2017-10-05,42,static_current,known,5,4020ad4ff1ee,"AAPL,MSFT,GOOGL,AMZN,NVDA",success,1.8121603487141151,0.0610577457421395,-0.0326762872368902,0.1263633386189175,,,,1.7311839553360748,0.0695372332306112,1.7675212744920563,0.0703122070396631,2.662100951917642,0.05217005666146379
38,2005-01-03,2017-01-06,2017-07-10,2017-10-05,43,static_current,known,5,4020ad4ff1ee,"AAPL,MSFT,GOOGL,AMZN,NVDA",success,1.8251756883346115,0.0600112160085748,-0.03434478035456,0.1230357579156325,,,,1.7311839553360748,0.0695372332306112,1.7675212744920563,0.0703122070396631,2.662100951917642,0.05217005666146379
38,2005-01-03,2017-01-06,2017-07-10,2017-10-05,44,static_current,known,5,4020ad4ff1ee,"AAPL,MSFT,GOOGL,AMZN,NVDA",success,1.4907464759966922,0.0462349259815428,-0.0338621836027459,0.1142447998889912,,,,1.7311839553360748,0.0695372332306112,1.7675212744920563,0.0703122070396631,2.662100951917642,0.05217005666146379
39,2005-01-03,2017-04-07,2017-10-06,2018-01-05,42,static_current,known,5,4020ad4ff1ee,"AAPL,MSFT,GOOGL,AMZN,NVDA",success,3.177840419985908,0.1281395762021795,-0.051826752616284,0.1516563939149837,,,,3.3485137183012244,0.1657143556394373,3.370775051449378,0.1676895064188308,4.667585336014487,0.07797287861498359
39,2005-01-03,2017-04-07,2017-10-06,2018-01-05,43,static_current,known,5,4020ad4ff1ee,"AAPL,MSFT,GOOGL,AMZN,NVDA",success,3.1385936758429858,0.1464883996919657,-0.0608766779373979,0.1757344947685686,,,,3.3485137183012244,0.1657143556394373,3.370775051449378,0.1676895064188308,4.667585336014487,0.07797287861498359
39,2005-01-03,2017-04-07,2017-10-06,2018-01-05,44,static_current,known,5,4020ad4ff1ee,"AAPL,MSFT,GOOGL,AMZN,NVDA",success,2.959730820589317,0.1371900667431844,-0.0604596507635169,0.1751108575869616,,,,3.3485137183012244,0.1657143556394373,3.370775051449378,0.1676895064188308,4.667585336014487,0.07797287861498359
40,2005-01-03,2017-07-10,2018-01-08,2018-04-09,42,static_current,known,5,4020ad4ff1ee,"AAPL,MSFT,GOOGL,AMZN,NVDA",success,0.5458745262628892,0.0285404796038664,-0.0890877643314903,0.2157632879946752,,,,0.1153136834456916,0.0024111023847479,0.1272512892671166,0.0033267923685145,-0.9997768203210247,-0.050205585377031126
40,2005-01-03,2017-07-10,2018-01-08,2018-04-09,43,static_current,known,5,4020ad4ff1ee,"AAPL,MSFT,GOOGL,AMZN,NVDA",success,-0.0266637141268581,-0.0036518779597004,-0.0901563164736368,0.2384490695695482,,,,0.1153136834456916,0.0024111023847479,0.1272512892671166,0.0033267923685145,-0.9997768203210247,-0.050205585377031126
40,2005-01-03,2017-07-10,2018-01-08,2018-04-09,44,static_current,known,5,4020ad4ff1ee,"AAPL,MSFT,GOOGL,AMZN,NVDA",success,0.1939655877206061,0.0093489823284009,-0.0844927669174998,0.2354178442821186,,,,0.1153136834456916,0.0024111023847479,0.1272512892671166,0.0033267923685145,-0.9997768203210247,-0.050205585377031126
41,2005-01-03,2017-10-06,2018-04-10,2018-07-09,42,static_current,known,5,4020ad4ff1ee,"AAPL,MSFT,GOOGL,AMZN,NVDA",success,2.930843791743794,0.1081433823730169,-0.0414683311139109,0.1389952561727089,,,,2.560215694181608,0.1242629678357454,2.588883393972498,0.1255601661784064,1.6890034085071899,0.053735720601973735
41,2005-01-03,2017-10-06,2018-04-10,2018-07-09,43,static_current,known,5,4020ad4ff1ee,"AAPL,MSFT,GOOGL,AMZN,NVDA",success,2.951926403260689,0.1191011773406025,-0.0481837256174792,0.152224318373176,,,,2.560215694181608,0.1242629678357454,2.588883393972498,0.1255601661784064,1.6890034085071899,0.053735720601973735
41,2005-01-03,2017-10-06,2018-04-10,2018-07-09,44,static_current,known,5,4020ad4ff1ee,"AAPL,MSFT,GOOGL,AMZN,NVDA",success,2.697764491449333,0.1069374849810618,-0.0438154756485133,0.1499459052675062,,,,2.560215694181608,0.1242629678357454,2.588883393972498,0.1255601661784064,1.6890034085071899,0.053735720601973735
42,2005-01-03,2018-01-08,2018-07-10,2018-10-05,42,static_current,known,5,4020ad4ff1ee,"AAPL,MSFT,GOOGL,AMZN,NVDA",success,1.6332002471420588,0.0610180828591562,-0.0416836204645498,0.1413496919072163,,,,2.047438823763045,0.0841933363432316,2.069036225679324,0.085127411806235,1.5731698093757178,0.04021241665262987
42,2005-01-03,2018-01-08,2018-07-10,2018-10-05,43,static_current,known,5,4020ad4ff1ee,"AAPL,MSFT,GOOGL,AMZN,NVDA",success,2.1973135690421537,0.078175429254814,-0.0361834492906965,0.1343228751601733,,,,2.047438823763045,0.0841933363432316,2.069036225679324,0.085127411806235,1.5731698093757178,0.04021241665262987
42,2005-01-03,2018-01-08,2018-07-10,2018-10-05,44,static_current,known,5,4020ad4ff1ee,"AAPL,MSFT,GOOGL,AMZN,NVDA",success,2.0662904071997343,0.0725800212090443,-0.0361261894633725,0.13247405811687,,,,2.047438823763045,0.0841933363432316,2.069036225679324,0.085127411806235,1.5731698093757178,0.04021241665262987
43,2005-01-03,2018-04-10,2018-10-08,2019-01-08,42,static_current,known,5,4020ad4ff1ee,"AAPL,MSFT,GOOGL,AMZN,NVDA",success,-2.162494494961173,-0.1985759390007553,-0.2679955477556073,0.3894299227830621,,,,-1.9613762082029849,-0.2097496178204447,-2.030950216217429,-0.2209341147538818,-1.7870605509358044,-0.10621321317834187
43,2005-01-03,2018-04-10,2018-10-08,2019-01-08,43,static_current,known,5,4020ad4ff1ee,"AAPL,MSFT,GOOGL,AMZN,NVDA",success,-1.9133270729385388,-0.1821942288328648,-0.2527904958442944,0.3959474763047205,,,,-1.9613762082029849,-0.2097496178204447,-2.030950216217429,-0.2209341147538818,-1.7870605509358044,-0.10621321317834187
43,2005-01-03,2018-04-10,2018-10-08,2019-01-08,44,static_current,known,5,4020ad4ff1ee,"AAPL,MSFT,GOOGL,AMZN,NVDA",success,-2.5175635237580747,-0.2305050685138667,-0.2905435437030205,0.3984327079905991,,,,-1.9613762082029849,-0.2097496178204447,-2.030950216217429,-0.2209341147538818,-1.7870605509358044,-0.10621321317834187
44,2005-01-03,2018-07-10,2019-01-09,2019-04-09,42,static_current,known,5,4020ad4ff1ee,"AAPL,MSFT,GOOGL,AMZN,NVDA",success,3.304932606351969,0.1611867915983029,-0.0456661788676739,0.1830165906832389,,,,3.229562568241564,0.1968755986604622,3.269351247135156,0.1978794782754545,3.9927491524751275,0.10843246281416352
44,2005-01-03,2018-07-10,2019-01-09,2019-04-09,43,static_current,known,5,4020ad4ff1ee,"AAPL,MSFT,GOOGL,AMZN,NVDA",success,3.397939539794993,0.1739018771138847,-0.0542684202034035,0.1915487785394267,,,,3.229562568241564,0.1968755986604622,3.269351247135156,0.1978794782754545,3.9927491524751275,0.10843246281416352
44,2005-01-03,2018-07-10,2019-01-09,2019-04-09,44,static_current,known,5,4020ad4ff1ee,"AAPL,MSFT,GOOGL,AMZN,NVDA",success,3.3997377459793103,0.1760682917048972,-0.0520102259170189,0.1937732660608885,,,,3.229562568241564,0.1968755986604622,3.269351247135156,0.1978794782754545,3.9927491524751275,0.10843246281416352
45,2005-01-03,2018-10-08,2019-04-10,2019-07-10,42,static_current,known,5,4020ad4ff1ee,"AAPL,MSFT,GOOGL,AMZN,NVDA",success,-0.4932537656590621,-0.0250624688832667,-0.1745600107874209,0.2063859381765996,,,,0.1084655052847893,0.0051720589201245,0.0539163062034767,0.0022974569399021,1.1157205158419146,0.03626675628767839
45,2005-01-03,2018-10-08,2019-04-10,2019-07-10,43,static_current,known,5,4020ad4ff1ee,"AAPL,MSFT,GOOGL,AMZN,NVDA",success,-0.4403983184837604,-0.0180890816796412,-0.1508896368886867,0.1778175286344382,,,,0.1084655052847893,0.0051720589201245,0.0539163062034767,0.0022974569399021,1.1157205158419146,0.03626675628767839
45,2005-01-03,2018-10-08,2019-04-10,2019-07-10,44,static_current,known,5,4020ad4ff1ee,"AAPL,MSFT,GOOGL,AMZN,NVDA",success,-0.1999347692053063,-0.0080526452069825,-0.1495078689401093,0.181572172333582,,,,0.1084655052847893,0.0051720589201245,0.0539163062034767,0.0022974569399021,1.1157205158419146,0.03626675628767839
46,2005-01-03,2019-01-09,2019-07-11,2019-10-08,42,static_current,known,5,4020ad4ff1ee,"AAPL,MSFT,GOOGL,AMZN,NVDA",success,0.0937014025048591,0.0048697276669811,-0.0694206177191477,0.1896981937643539,,,,0.1919357407541143,0.0091752057730798,0.1674701545012014,0.0077232140379983,-0.9892723720104445,-0.040052810982662446
46,2005-01-03,2019-01-09,2019-07-11,2019-10-08,43,static_current,known,5,4020ad4ff1ee,"AAPL,MSFT,GOOGL,AMZN,NVDA",success,0.4498797522585666,0.0239932580580863,-0.0729786117394282,0.2271675225424175,,,,0.1919357407541143,0.0091752057730798,0.1674701545012014,0.0077232140379983,-0.9892723720104445,-0.040052810982662446
46,2005-01-03,2019-01-09,2019-07-11,2019-10-08,44,static_current,known,5,4020ad4ff1ee,"AAPL,MSFT,GOOGL,AMZN,NVDA",success,-0.0737988260847761,-0.0028988557647328,-0.0732476450981601,0.1887640817245812,,,,0.1919357407541143,0.0091752057730798,0.1674701545012014,0.0077232140379983,-0.9892723720104445,-0.040052810982662446
47,2005-01-03,2019-04-10,2019-10-09,2020-01-08,42,static_current,known,5,4020ad4ff1ee,"AAPL,MSFT,GOOGL,AMZN,NVDA",success,5.987693915577243,0.1217416309380543,-0.0164879240405656,0.0751868738665318,,,,6.01348671939618,0.2168673878680662,6.000917684393408,0.2151499346875676,5.988449738221445,0.10718388178066895
47,2005-01-03,2019-04-10,2019-10-09,2020-01-08,43,static_current,known,5,4020ad4ff1ee,"AAPL,MSFT,GOOGL,AMZN,NVDA",success,5.760577021797731,0.1643016184550139,-0.021465286004673,0.1049466649756817,,,,6.01348671939618,0.2168673878680662,6.000917684393408,0.2151499346875676,5.988449738221445,0.10718388178066895
47,2005-01-03,2019-04-10,2019-10-09,2020-01-08,44,static_current,known,5,4020ad4ff1ee,"AAPL,MSFT,GOOGL,AMZN,NVDA",success,5.82657743290904,0.1633951287738497,-0.0219415869688397,0.1031815029819152,,,,6.01348671939618,0.2168673878680662,6.000917684393408,0.2151499346875676,5.988449738221445,0.10718388178066895
48,2005-01-03,2019-07-11,2020-01-09,2020-04-08,42,static_current,known,5,4020ad4ff1ee,"AAPL,MSFT,GOOGL,AMZN,NVDA",success,0.0575086060449918,-0.019407534046626,-0.2345494567721053,0.5060148656707105,,,,0.1511261507436572,-0.0207019821065378,0.1627335389893635,-0.0188482318332801,-0.9294464623666531,-0.15782997282815536
48,2005-01-03,2019-07-11,2020-01-09,2020-04-08,43,static_current,known,5,4020ad4ff1ee,"AAPL,MSFT,GOOGL,AMZN,NVDA",success,0.0191850194152634,-0.0265659217482369,-0.2459468077579255,0.5262205359590757,,,,0.1511261507436572,-0.0207019821065378,0.1627335389893635,-0.0188482318332801,-0.9294464623666531,-0.15782997282815536
48,2005-01-03,2019-07-11,2020-01-09,2020-04-08,44,static_current,known,5,4020ad4ff1ee,"AAPL,MSFT,GOOGL,AMZN,NVDA",success,0.2051371293161541,-0.0046284632513936,-0.2493118054342936,0.5485491716558563,,,,0.1511261507436572,-0.0207019821065378,0.1627335389893635,-0.0188482318332801,-0.9294464623666531,-0.15782997282815536
49,2005-01-03,2019-10-09,2020-04-09,2020-07-09,42,static_current,known,5,4020ad4ff1ee,"AAPL,MSFT,GOOGL,AMZN,NVDA",success,4.488794870581555,0.2954098342115399,-0.0466706721487797,0.2366481508470475,,,,5.022175133611154,0.4268210025048129,5.020484568748049,0.4250096521162025,1.9387903297972093,0.14137309581036672
49,2005-01-03,2019-10-09,2020-04-09,2020-07-09,43,static_current,known,5,4020ad4ff1ee,"AAPL,MSFT,GOOGL,AMZN,NVDA",success,4.981416890200333,0.3373921920719835,-0.045504184214173,0.2395166229199637,,,,5.022175133611154,0.4268210025048129,5.020484568748049,0.4250096521162025,1.9387903297972093,0.14137309581036672
49,2005-01-03,2019-10-09,2020-04-09,2020-07-09,44,static_current,known,5,4020ad4ff1ee,"AAPL,MSFT,GOOGL,AMZN,NVDA",success,5.025648590405841,0.3528255834715301,-0.0501122575105727,0.2470876331502502,,,,5.022175133611154,0.4268210025048129,5.020484568748049,0.4250096521162025,1.9387903297972093,0.14137309581036672
50,2005-01-03,2020-01-09,2020-07-10,2020-10-07,42,static_current,known,5,4020ad4ff1ee,"AAPL,MSFT,GOOGL,AMZN,NVDA",success,1.0836103162524908,0.0689538208507714,-0.1317326013496475,0.2642866164239438,,,,1.1496272658199091,0.0910782266051313,1.1097754461598237,0.086582473963211,1.6024812196183096,0.08374058644293081
50,2005-01-03,2020-01-09,2020-07-10,2020-10-07,43,static_current,known,5,4020ad4ff1ee,"AAPL,MSFT,GOOGL,AMZN,NVDA",success,1.00697730839788,0.0670747485529696,-0.1364653860981512,0.2822584258441247,,,,1.1496272658199091,0.0910782266051313,1.1097754461598237,0.086582473963211,1.6024812196183096,0.08374058644293081
50,2005-01-03,2020-01-09,2020-07-10,2020-10-07,44,static_current,known,5,4020ad4ff1ee,"AAPL,MSFT,GOOGL,AMZN,NVDA",success,1.1128057055006504,0.0744314641027674,-0.12683796471375,0.2798283554523351,,,,1.1496272658199091,0.0910782266051313,1.1097754461598237,0.086582473963211,1.6024812196183096,0.08374058644293081
51,2005-01-03,2020-04-09,2020-10-08,2021-01-07,42,static_current,known,5,4020ad4ff1ee,"AAPL,MSFT,GOOGL,AMZN,NVDA",success,0.9619002469083464,0.0546628883002755,-0.074615507719504,0.2321389788204238,,,,0.9944782939048942,0.0642642812193599,0.9901730183628772,0.0642775312919905,2.459529281435493,0.09394219288720662
51,2005-01-03,2020-04-09,2020-10-08,2021-01-07,43,static_current,known,5,4020ad4ff1ee,"AAPL,MSFT,GOOGL,AMZN,NVDA",success,0.9294074946256564,0.0534587771122596,-0.0719138794400765,0.2363645850167265,,,,0.9944782939048942,0.0642642812193599,0.9901730183628772,0.0642775312919905,2.459529281435493,0.09394219288720662
51,2005-01-03,2020-04-09,2020-10-08,2021-01-07,44,static_current,known,5,4020ad4ff1ee,"AAPL,MSFT,GOOGL,AMZN,NVDA",success,0.6743604010148311,0.0400189391863077,-0.0761956242097434,0.2554239369134065,,,,0.9944782939048942,0.0642642812193599,0.9901730183628772,0.0642775312919905,2.459529281435493,0.09394219288720662
52,2005-01-03,2020-07-10,2021-01-08,2021-04-09,42,static_current,known,5,4020ad4ff1ee,"AAPL,MSFT,GOOGL,AMZN,NVDA",success,1.6289406957838106,0.0992436029641941,-0.1058095944158006,0.2419909629523038,,,,1.7077288580761631,0.114690481137653,1.7125522566885665,0.1156044402369851,1.9397627765208105,0.08663775702212484
52,2005-01-03,2020-07-10,2021-01-08,2021-04-09,43,static_current,known,5,4020ad4ff1ee,"AAPL,MSFT,GOOGL,AMZN,NVDA",success,1.5580847814426548,0.0904807257357018,-0.1114517628248438,0.2303531443316778,,,,1.7077288580761631,0.114690481137653,1.7125522566885665,0.1156044402369851,1.9397627765208105,0.08663775702212484
52,2005-01-03,2020-07-10,2021-01-08,2021-04-09,44,static_current,known,5,4020ad4ff1ee,"AAPL,MSFT,GOOGL,AMZN,NVDA",success,1.4971570724096006,0.0842651494989328,-0.1016418979571059,0.2230588843814431,,,,1.7077288580761631,0.114690481137653,1.7125522566885665,0.1156044402369851,1.9397627765208105,0.08663775702212484
53,2005-01-03,2020-10-08,2021-04-12,2021-07-09,42,static_current,known,5,4020ad4ff1ee,"AAPL,MSFT,GOOGL,AMZN,NVDA",success,2.926095122030552,0.122191479799385,-0.0667022520585017,0.1576992541965019,,,,2.883611442611574,0.1445983038532945,2.8821289377809536,0.1439587767927228,1.9392719908145626,0.055041655387848554
53,2005-01-03,2020-10-08,2021-04-12,2021-07-09,43,static_current,known,5,4020ad4ff1ee,"AAPL,MSFT,GOOGL,AMZN,NVDA",success,2.7200044091817577,0.1125025648129633,-0.0676144764888244,0.1566055134750583,,,,2.883611442611574,0.1445983038532945,2.8821289377809536,0.1439587767927228,1.9392719908145626,0.055041655387848554
53,2005-01-03,2020-10-08,2021-04-12,2021-07-09,44,static_current,known,5,4020ad4ff1ee,"AAPL,MSFT,GOOGL,AMZN,NVDA",success,2.3462686527117724,0.1053996435516495,-0.0833344031605454,0.171480090159282,,,,2.883611442611574,0.1445983038532945,2.8821289377809536,0.1439587767927228,1.9392719908145626,0.055041655387848554
54,2005-01-03,2021-01-08,2021-07-12,2021-10-07,42,static_current,known,5,4020ad4ff1ee,"AAPL,MSFT,GOOGL,AMZN,NVDA",success,-0.2624045979973587,-0.009936012593099,-0.0845121120912145,0.1733356589837137,,,,0.2551874744598388,0.012347194936839,0.256910133589407,0.0124278610029748,-0.02861448713731652,0.00699206606242897
54,2005-01-03,2021-01-08,2021-07-12,2021-10-07,43,static_current,known,5,4020ad4ff1ee,"AAPL,MSFT,GOOGL,AMZN,NVDA",success,0.2620720955486201,0.0120588371977679,-0.0823801692029118,0.1565284964951996,,,,0.2551874744598388,0.012347194936839,0.256910133589407,0.0124278610029748,-0.02861448713731652,0.00699206606242897
54,2005-01-03,2021-01-08,2021-07-12,2021-10-07,44,static_current,known,5,4020ad4ff1ee,"AAPL,MSFT,GOOGL,AMZN,NVDA",success,-0.3388237801795103,-0.0114841051983547,-0.0769949306258488,0.1597346431598662,,,,0.2551874744598388,0.012347194936839,0.256910133589407,0.0124278610029748,-0.02861448713731652,0.00699206606242897
55,2005-01-03,2021-04-12,2021-10-08,2022-01-06,42,static_current,known,5,4020ad4ff1ee,"AAPL,MSFT,GOOGL,AMZN,NVDA",success,1.636515158767445,0.0884253867626314,-0.0678006265426776,0.2120918503592976,,,,1.7466410039426652,0.118650192848855,1.7939271271347317,0.1162082553005015,1.8413457850580013,0.07678176547689697
55,2005-01-03,2021-04-12,2021-10-08,2022-01-06,43,static_current,known,5,4020ad4ff1ee,"AAPL,MSFT,GOOGL,AMZN,NVDA",success,1.679783585528792,0.0848943344365273,-0.0530160798086654,0.1969199590576228,,,,1.7466410039426652,0.118650192848855,1.7939271271347317,0.1162082553005015,1.8413457850580013,0.07678176547689697
55,2005-01-03,2021-04-12,2021-10-08,2022-01-06,44,static_current,known,5,4020ad4ff1ee,"AAPL,MSFT,GOOGL,AMZN,NVDA",success,1.64032267034131,0.0918294573037019,-0.062073473783267,0.2204534518105926,,,,1.7466410039426652,0.118650192848855,1.7939271271347317,0.1162082553005015,1.8413457850580013,0.07678176547689697
56,2005-01-03,2021-07-12,2022-01-07,2022-04-07,42,static_current,known,5,4020ad4ff1ee,"AAPL,MSFT,GOOGL,AMZN,NVDA",success,-0.3076959176637378,-0.0299535335950242,-0.1241678004082483,0.3102932821620164,,,,-0.3097232495044601,-0.0388682357687721,-0.2408520692990322,-0.0335764755913322,-0.74431509459796,-0.03641745516925954
56,2005-01-03,2021-07-12,2022-01-07,2022-04-07,43,static_current,known,5,4020ad4ff1ee,"AAPL,MSFT,GOOGL,AMZN,NVDA",success,-0.155379762681565,-0.020128423488796,-0.1317963406606102,0.3236232510972648,,,,-0.3097232495044601,-0.0388682357687721,-0.2408520692990322,-0.0335764755913322,-0.74431509459796,-0.03641745516925954
56,2005-01-03,2021-07-12,2022-01-07,2022-04-07,44,static_current,known,5,4020ad4ff1ee,"AAPL,MSFT,GOOGL,AMZN,NVDA",success,-0.7553454057042029,-0.0574660868431977,-0.1401987681589426,0.2893243941841414,,,,-0.3097232495044601,-0.0388682357687721,-0.2408520692990322,-0.0335764755913322,-0.74431509459796,-0.03641745516925954
57,2005-01-03,2021-10-08,2022-04-08,2022-07-11,42,static_current,known,5,4020ad4ff1ee,"AAPL,MSFT,GOOGL,AMZN,NVDA",success,-2.078406513778374,-0.1865787953425955,-0.231791472507212,0.3781050695025558,,,,-1.866368577738612,-0.2028622909938622,-1.8465288815802725,-0.2039270949669722,-2.1255919691807637,-0.12648069943755869
57,2005-01-03,2021-10-08,2022-04-08,2022-07-11,43,static_current,known,5,4020ad4ff1ee,"AAPL,MSFT,GOOGL,AMZN,NVDA",success,-2.0146274899469767,-0.1810428311181197,-0.2256841731370997,0.3767332812486992,,,,-1.866368577738612,-0.2028622909938622,-1.8465288815802725,-0.2039270949669722,-2.1255919691807637,-0.12648069943755869
57,2005-01-03,2021-10-08,2022-04-08,2022-07-11,44,static_current,known,5,4020ad4ff1ee,"AAPL,MSFT,GOOGL,AMZN,NVDA",success,-1.7753041263242422,-0.1668543940459834,-0.2139213901876912,0.3862995483235998,,,,-1.866368577738612,-0.2028622909938622,-1.8465288815802725,-0.2039270949669722,-2.1255919691807637,-0.12648069943755869
58,2005-01-03,2022-01-07,2022-07-12,2022-10-07,42,static_current,known,5,4020ad4ff1ee,"AAPL,MSFT,GOOGL,AMZN,NVDA",success,-0.6904831180083097,-0.0538773598347641,-0.1941673336459825,0.2926845172692445,,,,-0.8212486466218608,-0.0811014042076266,-0.8216406803458851,-0.080898501793676,-0.8234770068986,-0.04264321342586508
58,2005-01-03,2022-01-07,2022-07-12,2022-10-07,43,static_current,known,5,4020ad4ff1ee,"AAPL,MSFT,GOOGL,AMZN,NVDA",success,-0.7692383040006041,-0.0616261503762947,-0.2064767366084111,0.3023802718136338,,,,-0.8212486466218608,-0.0811014042076266,-0.8216406803458851,-0.080898501793676,-0.8234770068986,-0.04264321342586508
58,2005-01-03,2022-01-07,2022-07-12,2022-10-07,44,static_current,known,5,4020ad4ff1ee,"AAPL,MSFT,GOOGL,AMZN,NVDA",success,-0.5305613572632234,-0.0438098833593232,-0.1844876061147999,0.2973900569158113,,,,-0.8212486466218608,-0.0811014042076266,-0.8216406803458851,-0.080898501793676,-0.8234770068986,-0.04264321342586508
59,2005-01-03,2022-04-08,2022-10-10,2023-01-09,42,static_current,known,5,4020ad4ff1ee,"AAPL,MSFT,GOOGL,AMZN,NVDA",success,-0.2579132233765923,-0.0339678330815902,-0.1419391029089965,0.3659393418806147,,,,-0.0006142207226703,-0.0160320318025273,-0.1219287452367204,-0.0272394103963955,1.30266564297343,0.08449805301250923
59,2005-01-03,2022-04-08,2022-10-10,2023-01-09,43,static_current,known,5,4020ad4ff1ee,"AAPL,MSFT,GOOGL,AMZN,NVDA",success,0.5067914644135306,0.0350913043940284,-0.1126961352858535,0.3693918948886516,,,,-0.0006142207226703,-0.0160320318025273,-0.1219287452367204,-0.0272394103963955,1.30266564297343,0.08449805301250923
59,2005-01-03,2022-04-08,2022-10-10,2023-01-09,44,static_current,known,5,4020ad4ff1ee,"AAPL,MSFT,GOOGL,AMZN,NVDA",success,-0.0608921758317658,-0.0146509918081734,-0.1203983746277498,0.345630915028834,,,,-0.0006142207226703,-0.0160320318025273,-0.1219287452367204,-0.0272394103963955,1.30266564297343,0.08449805301250923
60,2005-01-03,2022-07-12,2023-01-10,2023-04-11,42,static_current,known,5,4020ad4ff1ee,"AAPL,MSFT,GOOGL,AMZN,NVDA",success,3.455565782655814,0.2367977020266585,-0.079610304043761,0.25388858707964,,,,3.581045617314558,0.2939536764800976,3.5551005320481965,0.2865696429343174,1.1434926062038369,0.03509912314155761
60,2005-01-03,2022-07-12,2023-01-10,2023-04-11,43,static_current,known,5,4020ad4ff1ee,"AAPL,MSFT,GOOGL,AMZN,NVDA",success,3.829256356326769,0.2863970826438147,-0.0697993514555211,0.2722529534133164,,,,3.581045617314558,0.2939536764800976,3.5551005320481965,0.2865696429343174,1.1434926062038369,0.03509912314155761
60,2005-01-03,2022-07-12,2023-01-10,2023-04-11,44,static_current,known,5,4020ad4ff1ee,"AAPL,MSFT,GOOGL,AMZN,NVDA",success,3.964735096474565,0.2758061923979746,-0.0589076603822437,0.2531826931767322,,,,3.581045617314558,0.2939536764800976,3.5551005320481965,0.2865696429343174,1.1434926062038369,0.03509912314155761
61,2005-01-03,2022-10-10,2023-04-12,2023-07-12,42,static_current,known,5,4020ad4ff1ee,"AAPL,MSFT,GOOGL,AMZN,NVDA",success,4.433286951381874,0.2533490938158393,-0.0271345467126905,0.2076987497738318,,,,4.545349811710428,0.2996217303986828,4.5689997513519565,0.2964257695293708,2.9060352038074035,0.07861134346877274
61,2005-01-03,2022-10-10,2023-04-12,2023-07-12,43,static_current,known,5,4020ad4ff1ee,"AAPL,MSFT,GOOGL,AMZN,NVDA",success,4.582600120673524,0.271659684750879,-0.0276177099898283,0.2141325444748128,,,,4.545349811710428,0.2996217303986828,4.5689997513519565,0.2964257695293708,2.9060352038074035,0.07861134346877274
61,2005-01-03,2022-10-10,2023-04-12,2023-07-12,44,static_current,known,5,4020ad4ff1ee,"AAPL,MSFT,GOOGL,AMZN,NVDA",success,4.503030038434715,0.1837364294974595,-0.0220155818940349,0.150514534350118,,,,4.545349811710428,0.2996217303986828,4.5689997513519565,0.2964257695293708,2.9060352038074035,0.07861134346877274
62,2005-01-03,2023-01-10,2023-07-13,2023-10-10,42,static_current,known,5,4020ad4ff1ee,"AAPL,MSFT,GOOGL,AMZN,NVDA",success,0.3333637309880113,0.0154232491937396,-0.0693592088341868,0.1699346922198527,,,,-0.1583772578122247,-0.0083144677601694,-0.1110979012353699,-0.005936141892717,-1.3999716982717818,-0.03266725189929631
62,2005-01-03,2023-01-10,2023-07-13,2023-10-10,43,static_current,known,5,4020ad4ff1ee,"AAPL,MSFT,GOOGL,AMZN,NVDA",success,-0.339945769949611,-0.0120425877648314,-0.0674893971743096,0.1640378290050362,,,,-0.1583772578122247,-0.0083144677601694,-0.1110979012353699,-0.005936141892717,-1.3999716982717818,-0.03266725189929631
62,2005-01-03,2023-01-10,2023-07-13,2023-10-10,44,static_current,known,5,4020ad4ff1ee,"AAPL,MSFT,GOOGL,AMZN,NVDA",success,-0.3211654129966039,-0.0122375133991903,-0.0738991153638563,0.171963749954801,,,,-0.1583772578122247,-0.0083144677601694,-0.1110979012353699,-0.005936141892717,-1.3999716982717818,-0.03266725189929631
63,2005-01-03,2023-04-12,2023-10-11,2024-01-10,42,static_current,known,5,4020ad4ff1ee,"AAPL,MSFT,GOOGL,AMZN,NVDA",success,1.835514850461641,0.0855467246620518,-0.0859133440682568,0.179802223140984,,,,1.947634546637629,0.1041665789608947,1.966486633647756,0.1055255635350489,2.8611675350278674,0.09974235521527142
63,2005-01-03,2023-04-12,2023-10-11,2024-01-10,43,static_current,known,5,4020ad4ff1ee,"AAPL,MSFT,GOOGL,AMZN,NVDA",success,1.81008454974565,0.0817143421698591,-0.0770200741156268,0.1738132059307117,,,,1.947634546637629,0.1041665789608947,1.966486633647756,0.1055255635350489,2.8611675350278674,0.09974235521527142
63,2005-01-03,2023-04-12,2023-10-11,2024-01-10,44,static_current,known,5,4020ad4ff1ee,"AAPL,MSFT,GOOGL,AMZN,NVDA",success,2.351748510533734,0.1048951673307627,-0.0692042172205579,0.1701891878602029,,,,1.947634546637629,0.1041665789608947,1.966486633647756,0.1055255635350489,2.8611675350278674,0.09974235521527142
64,2005-01-03,2023-07-13,2024-01-11,2024-04-11,42,static_current,known,5,4020ad4ff1ee,"AAPL,MSFT,GOOGL,AMZN,NVDA",success,4.019307009674533,0.2240632343141173,-0.0400820886422477,0.2049553331985456,,,,3.5061444625021947,0.2084639641573262,3.459404953329071,0.194043016631688,2.9143081143386524,0.08679864746188803
64,2005-01-03,2023-07-13,2024-01-11,2024-04-11,43,static_current,known,5,4020ad4ff1ee,"AAPL,MSFT,GOOGL,AMZN,NVDA",success,2.7298116980696587,0.111961216595376,-0.035691419076741,0.1552233890194087,,,,3.5061444625021947,0.2084639641573262,3.459404953329071,0.194043016631688,2.9143081143386524,0.08679864746188803
64,2005-01-03,2023-07-13,2024-01-11,2024-04-11,44,static_current,known,5,4020ad4ff1ee,"AAPL,MSFT,GOOGL,AMZN,NVDA",success,3.478624015433128,0.1504547567956144,-0.0329063723181209,0.1619499185326386,,,,3.5061444625021947,0.2084639641573262,3.459404953329071,0.194043016631688,2.9143081143386524,0.08679864746188803
65,2005-01-03,2023-10-11,2024-04-12,2024-07-12,42,static_current,known,5,4020ad4ff1ee,"AAPL,MSFT,GOOGL,AMZN,NVDA",success,3.382906388739808,0.1769921152313425,-0.0668246325405743,0.1958166617201236,,,,3.639056015585643,0.2116056869641924,3.7080653740854186,0.2106932847236398,3.692427050904717,0.10935400560665554
65,2005-01-03,2023-10-11,2024-04-12,2024-07-12,43,static_current,known,5,4020ad4ff1ee,"AAPL,MSFT,GOOGL,AMZN,NVDA",success,3.319900052799189,0.196886964615975,-0.0792144090832549,0.2217607923199056,,,,3.639056015585643,0.2116056869641924,3.7080653740854186,0.2106932847236398,3.692427050904717,0.10935400560665554
65,2005-01-03,2023-10-11,2024-04-12,2024-07-12,44,static_current,known,5,4020ad4ff1ee,"AAPL,MSFT,GOOGL,AMZN,NVDA",success,3.354100230492072,0.158653545866179,-0.0631438700626973,0.17739748346527,,,,3.639056015585643,0.2116056869641924,3.7080653740854186,0.2106932847236398,3.692427050904717,0.10935400560665554
66,2005-01-03,2024-01-11,2024-07-15,2024-10-10,42,static_current,known,5,4020ad4ff1ee,"AAPL,MSFT,GOOGL,AMZN,NVDA",success,-0.294000081977616,-0.0167523130920727,-0.1214396052727326,0.2193730901698333,,,,-0.6493895061518697,-0.0448965774068655,-0.5624804279520305,-0.0399257685238079,0.5873224307825478,0.01991276211988069
66,2005-01-03,2024-01-11,2024-07-15,2024-10-10,43,static_current,known,5,4020ad4ff1ee,"AAPL,MSFT,GOOGL,AMZN,NVDA",success,-0.2197383165068518,-0.0148078672641406,-0.1382072171660034,0.2377020269925681,,,,-0.6493895061518697,-0.0448965774068655,-0.5624804279520305,-0.0399257685238079,0.5873224307825478,0.01991276211988069
66,2005-01-03,2024-01-11,2024-07-15,2024-10-10,44,static_current,known,5,4020ad4ff1ee,"AAPL,MSFT,GOOGL,AMZN,NVDA",success,-0.4985083762673877,-0.0266193017518228,-0.1186892728882385,0.2139365712237687,,,,-0.6493895061518697,-0.0448965774068655,-0.5624804279520305,-0.0399257685238079,0.5873224307825478,0.01991276211988069
67,2005-01-03,2024-04-12,2024-10-11,2025-01-13,42,static_current,known,5,4020ad4ff1ee,"AAPL,MSFT,GOOGL,AMZN,NVDA",success,1.1394256963180127,0.0556058499984746,-0.0465160705058786,0.1917521819925661,,,,1.3089801900003886,0.0684253460314292,1.3461250012946235,0.0700573590336912,-0.007447916227490368,-0.0040325063642758785
67,2005-01-03,2024-04-12,2024-10-11,2025-01-13,43,static_current,known,5,4020ad4ff1ee,"AAPL,MSFT,GOOGL,AMZN,NVDA",success,1.1529820114374103,0.0524618225422852,-0.0519138307404806,0.1765593846743577,,,,1.3089801900003886,0.0684253460314292,1.3461250012946235,0.0700573590336912,-0.007447916227490368,-0.0040325063642758785
67,2005-01-03,2024-04-12,2024-10-11,2025-01-13,44,static_current,known,5,4020ad4ff1ee,"AAPL,MSFT,GOOGL,AMZN,NVDA",success,1.0307883477386872,0.0462690967495735,-0.045580614259997,0.1736792373697064,,,,1.3089801900003886,0.0684253460314292,1.3461250012946235,0.0700573590336912,-0.007447916227490368,-0.0040325063642758785
68,2005-01-03,2024-07-15,2025-01-14,2025-04-14,42,static_current,known,5,4020ad4ff1ee,"AAPL,MSFT,GOOGL,AMZN,NVDA",success,-1.1581942859811318,-0.1072478103517198,-0.2244478412044677,0.360168544784533,,,,-1.2623755816532416,-0.1375138972457512,-1.167450416251742,-0.1296196604466315,-0.9737017998808628,-0.09141985796791763
68,2005-01-03,2024-07-15,2025-01-14,2025-04-14,43,static_current,known,5,4020ad4ff1ee,"AAPL,MSFT,GOOGL,AMZN,NVDA",success,-1.291565602246452,-0.115711904649165,-0.216655282000715,0.3542920233653233,,,,-1.2623755816532416,-0.1375138972457512,-1.167450416251742,-0.1296196604466315,-0.9737017998808628,-0.09141985796791763
68,2005-01-03,2024-07-15,2025-01-14,2025-04-14,44,static_current,known,5,4020ad4ff1ee,"AAPL,MSFT,GOOGL,AMZN,NVDA",success,-1.1847782353356489,-0.1067592880473706,-0.2199172857195896,0.3524239249485191,,,,-1.2623755816532416,-0.1375138972457512,-1.167450416251742,-0.1296196604466315,-0.9737017998808628,-0.09141985796791763
69,2005-01-03,2024-10-11,2025-04-15,2025-07-16,42,static_current,known,5,4020ad4ff1ee,"AAPL,MSFT,GOOGL,AMZN,NVDA",success,4.135933251214118,0.2221158065791963,-0.0632687975873404,0.197283081422964,,,,4.123069159613488,0.2568526114040035,4.050560825568237,0.2516605671172622,3.9258716905681945,0.18727371977616225
69,2005-01-03,2024-10-11,2025-04-15,2025-07-16,43,static_current,known,5,4020ad4ff1ee,"AAPL,MSFT,GOOGL,AMZN,NVDA",success,3.9725566283746985,0.195412574063112,-0.0585593627783682,0.1820046738043468,,,,4.123069159613488,0.2568526114040035,4.050560825568237,0.2516605671172622,3.9258716905681945,0.18727371977616225
69,2005-01-03,2024-10-11,2025-04-15,2025-07-16,44,static_current,known,5,4020ad4ff1ee,"AAPL,MSFT,GOOGL,AMZN,NVDA",success,3.806954202577199,0.1963954587576022,-0.061661600460052,0.191242027945297,,,,4.123069159613488,0.2568526114040035,4.050560825568237,0.2516605671172622,3.9258716905681945,0.18727371977616225
70,2005-01-03,2025-01-14,2025-07-17,2025-10-14,42,static_current,known,5,4020ad4ff1ee,"AAPL,MSFT,GOOGL,AMZN,NVDA",success,1.862374760413334,0.0699621704228801,-0.029358420648325,0.1423947494003904,,,,2.300355148112877,0.1043636528269891,2.241169118314809,0.1013020264605961,1.8968590791007875,0.05519002815329643
70,2005-01-03,2025-01-14,2025-07-17,2025-10-14,43,static_current,known,5,4020ad4ff1ee,"AAPL,MSFT,GOOGL,AMZN,NVDA",success,1.7227755130087938,0.0707037370668639,-0.0317797068443265,0.1568192327289654,,,,2.300355148112877,0.1043636528269891,2.241169118314809,0.1013020264605961,1.8968590791007875,0.05519002815329643
70,2005-01-03,2025-01-14,2025-07-17,2025-10-14,44,static_current,known,5,4020ad4ff1ee,"AAPL,MSFT,GOOGL,AMZN,NVDA",success,1.7010481235219497,0.0608400833625932,-0.0286055382307215,0.134800250442176,,,,2.300355148112877,0.1043636528269891,2.241169118314809,0.1013020264605961,1.8968590791007875,0.05519002815329643
71,2005-01-03,2025-04-15,2025-10-15,2026-01-14,42,static_current,known,5,4020ad4ff1ee,"AAPL,MSFT,GOOGL,AMZN,NVDA",success,1.394207435368341,0.0511885238475589,-0.0574379399488909,0.138075207122998,,,,1.7339194815120151,0.0771568749906315,1.6524135696265798,0.0730379123375628,1.4739796176660318,0.036404817647767596
71,2005-01-03,2025-04-15,2025-10-15,2026-01-14,43,static_current,known,5,4020ad4ff1ee,"AAPL,MSFT,GOOGL,AMZN,NVDA",success,1.81646940437277,0.0704889718491903,-0.0555995290717473,0.1474619423512892,,,,1.7339194815120151,0.0771568749906315,1.6524135696265798,0.0730379123375628,1.4739796176660318,0.036404817647767596
71,2005-01-03,2025-04-15,2025-10-15,2026-01-14,44,static_current,known,5,4020ad4ff1ee,"AAPL,MSFT,GOOGL,AMZN,NVDA",success,1.418077711756485,0.0519669816929948,-0.0611818005560214,0.137860458507375,,,,1.7339194815120151,0.0771568749906315,1.6524135696265798,0.0730379123375628,1.4739796176660318,0.036404817647767596
72,2005-01-03,2025-07-17,2026-01-15,2026-04-16,42,static_current,known,5,4020ad4ff1ee,"AAPL,MSFT,GOOGL,AMZN,NVDA",success,0.1413512227210228,0.0070717775812478,-0.1418220486402323,0.1932700954429504,,,,0.216910618814815,0.0107649380032928,0.3047542908367719,0.0156436900299263,,
72,2005-01-03,2025-07-17,2026-01-15,2026-04-16,43,static_current,known,5,4020ad4ff1ee,"AAPL,MSFT,GOOGL,AMZN,NVDA",success,0.1928465538259457,0.0095153830413721,-0.1272802585426976,0.178136094331613,,,,0.216910618814815,0.0107649380032928,0.3047542908367719,0.0156436900299263,,
72,2005-01-03,2025-07-17,2026-01-15,2026-04-16,44,static_current,known,5,4020ad4ff1ee,"AAPL,MSFT,GOOGL,AMZN,NVDA",success,0.4644408173734931,0.0230947938555954,-0.139408809371939,0.1996087978331209,,,,0.216910618814815,0.0107649380032928,0.3047542908367719,0.0156436900299263,,
